Variable,t-statistic,P-value,Significance Level
AVG-ATT,-0.796773314620562,0.42716949271936344,
BEH-take_part,-0.47280627922601093,0.6372174355571829,
BEH-passenger-usage,1.4635425034745109,0.14595546097229115,
BEH-driver-usage,2.912667207092856,0.004280760311092698,**
INT-passenger,-0.9835518316946068,0.32733141180549996,
INT-driver,-0.2011735056159945,0.8409063634307237,
