Residence,Frequency,Percentage,Cumulative Percentage
Slovenia,63,35.39325842696629,35.39325842696629
Germany,58,32.58426966292135,67.97752808988764
Finland,18,10.112359550561797,78.08988764044943
Croatia,8,4.49438202247191,82.58426966292134
Other,31,17.415730337078653,100.0
